company,position,location,date
DeepMind,"Administrative Business Partner - Mountain View, US - L4","Mountain View, California, US",2026-01-31
DeepMind,"Administrative Business Partner, US, MTV, FTC","Mountain View, California, US",2026-01-31
DeepMind,AI Ethics and Safety Policy Researcher,"Mountain View, California, US",2026-01-31
DeepMind,"Applied Data Scientist - London, UK - FTC","London, UK",2026-01-31
DeepMind,Communications and Marketing Technologies Specialist (12 month contract),"London, UK",2026-01-31
DeepMind,"Events Manager, GenAI","Mountain View, California, US",2026-01-31
DeepMind,"Executive Business Partner, Science & Strategic Initiatives","London, UK",2026-01-31
DeepMind,"Internal Communications, Unit Manager for Science and Frontier-AI Units","London, UK",2026-01-31
DeepMind,Nuclear Engineer (2 year Fixed Term Contract),"Mountain View, California, US",2026-01-31
DeepMind,People and Culture Partner,"London, UK",2026-01-31
DeepMind,"People & Culture Lead, Gemini (12 months Fixed-Term Contract)","Mountain View, California, US",2026-01-31
DeepMind,People Experience & Delivery Partner,"Mountain View, California, US",2026-01-31
DeepMind,"People Experience & Delivery Partner (L4) -12 Month FTC - US, MTV","Mountain View, California, US",2026-01-31
DeepMind,"Program Manager - London, UK, 12 Month FTC","London, UK",2026-01-31
DeepMind,"Research Engineer, CBRN","New York City, New York, US",2026-01-31
DeepMind,"Research Engineer, CBRN","Mountain View, California, US",2026-01-31
DeepMind,Research Engineering Manager,"Mountain View, California, US",2026-01-31
DeepMind,"Reward & Recognition (Compensation) Lead, 12 Month Fixed Term Contract","London, UK",2026-01-31
DeepMind,Reward & Recognition (Compensation) Lead - 6 Month Fixed Term Contract Nuevo,"Mountain View, California, US",2026-01-31
DeepMind,"Senior Manager, Business Data & Analytics","London, UK",2026-01-31
DeepMind,Senior Psychologist or Sociologist - AI Psychology & Safety,"Mountain View, California, US",2026-01-31
DeepMind,US Frontier Policy Lead,"Washington DC, US",2026-01-31
DeepMind,"Research Engineer, AI for Weather and Energy","Mountain View, California, US; San Francisco, California, US",2026-01-31
DeepMind,"Research Engineer, Applied Robotics","Mountain View, California, US",2026-01-31
DeepMind,"Research Engineer, Media IntegrityNuevo","Mountain View, California, US; San Francisco, California, US",2026-01-31
DeepMind,Research Engineer - Multimodal Companion Agent,"Tokyo, Japan",2026-01-31
DeepMind,"Research Engineer, Multimodal Reinforcement Learning","Zurich, Switzerland",2026-01-31
DeepMind,"Research Scientist, AnthroKrishi","Bangalore, India",2026-01-31
DeepMind,"Research Scientist, Biosphere Models","Zurich, Switzerland",2026-01-31
DeepMind,"Research Scientist, Generative Worlds","New York City, New York, US; San Francisco, California, US",2026-01-31
DeepMind,"Research Scientist, Machine Learning Optimization","Bangalore, India",2026-01-31
DeepMind,"Research Scientist, Multimodal Generative AI, Google DeepMind",Singapore,2026-01-31
DeepMind,"Research Scientist, Robotics","Mountain View, California, US",2026-01-31
DeepMind,"Research Scientist, Socioaffective Agents","New York City, New York, US",2026-01-31
DeepMind,"Software Engineer, Robotics Security","Mountain View, California, US",2026-01-31
DeepMind,"Staff Electrical Engineer, Gemini Robotics","Mountain View, California, US",2026-01-31
DeepMind,"Staff Mechanical Engineer, Gemini Robotics","Cambridge, Massachusetts, US",2026-01-31
DeepMind,"Technical Program Manager, Frontier AI Research","Mountain View, California, US; New York City, New York, US",2026-01-31
DeepMind,"ABP, GeminiNuevo","Mountain View, California, US",2026-01-31
DeepMind,"AI Product Designer, GeminiApp Core Experience","Mountain View, California, US; New York City, New York, US; San Francisco, California, US; Seattle, Washington, US",2026-01-31
DeepMind,"AI Product Designer, GeminiApp iOS Core Experience","Mountain View, California, US; New York City, New York, US; San Francisco, California, US; Seattle, Washington, US",2026-01-31
DeepMind,"AI Product Designer, GeminiApp Mobile Experience","Los Angeles, California, US; Mountain View, California, US; New York City, New York, US; San Francisco, California, US; Seattle, Washington, US",2026-01-31
DeepMind,"Director of Product Management, Growth, Gemini App","Mountain View, California, US",2026-01-31
DeepMind,"Go-to-Market (GTM) Lead, GeminiApp","Mountain View, California, US",2026-01-31
DeepMind,"Group Product Manager, Gemini App, User Intent & Quality","Mountain View, California, US",2026-01-31
DeepMind,"Growth & Ecosystem - Program Manager, AI Studio","Mountain View, California, US; New York City, New York, US",2026-01-31
DeepMind,"iOS/Swift Engineer, Project Janus","Mountain View, California, US",2026-01-31
DeepMind,"Machine Learning Software Engineer, GeminiApp Agents and Tool Use","Mountain View, California, US",2026-01-31
DeepMind,"Model UX AI Product Designer, Gemini App","Mountain View, California, US; New York City, New York, US; San Francisco, California, US; Seattle, Washington, US",2026-01-31
DeepMind,"Product Manager, Acquisition, Gemini App","Los Angeles, California, US; Mountain View, California, US; New York City, New York, US; San Francisco, California, US",2026-01-31
DeepMind,"Product Manager, Activation, Gemini App","Los Angeles, California, US; Mountain View, California, US; New York City, New York, US; San Francisco, California, US",2026-01-31
DeepMind,"Product Manager, Gemini App for Devices","Mountain View, California, US; San Francisco, California, US",2026-01-31
DeepMind,"Product Manager, Gemini App Integrated Assistance","Mountain View, California, US; New York City, New York, US; San Francisco, California, US",2026-01-31
DeepMind,"Product Manager, Gemini App Integrated Assistance","Zurich, Switzerland",2026-01-31
DeepMind,"Product Manager, Gemini App, Very Small Businesses","Mountain View, California, US; New York City, New York, US; San Francisco, California, US; Seattle, Washington, US",2026-01-31
DeepMind,"Product Manager, Gemini in Chrome, Gemini App","Mountain View, California, US",2026-01-31
DeepMind,"Product Manager, Growth & Discovery Platform, Gemini App","Los Angeles, California, US; Mountain View, California, US; New York City, New York, US; San Francisco, California, US",2026-01-31
DeepMind,"Product Manager, Notifications, Gemini App","Los Angeles, California, US; Mountain View, California, US; New York City, New York, US; San Francisco, California, US",2026-01-31
DeepMind,"Product Manager, Personalization, Gemini App","Mountain View, California, US",2026-01-31
DeepMind,Research Engineer - GeminiApp Personalization,"Mountain View, California, US",2026-01-31
DeepMind,"Senior AI Product Designer, Gemini Assistant","Mountain View, California, US; New York City, New York, US; Seattle, Washington, US",2026-01-31
DeepMind,"Senior AI Product Designer, Generative Media, Gemini App","Mountain View, California, US; New York City, New York, US; San Francisco, California, US; Seattle, Washington, US",2026-01-31
DeepMind,"Senior Data Scientist, GeminiApp, Ecosystems","Mountain View, California, US; New York City, New York, US",2026-01-31
DeepMind,"Senior Data Scientist, Gemini App, Google DeepMindNuevo","Zurich, Switzerland",2026-01-31
DeepMind,"Senior Engineer (Mobile), Gemini App, Google DeepMind","Mountain View, California, US; New York City, New York, US",2026-01-31
DeepMind,"Senior Model UX Content Designer, Gemini App","Mountain View, California, US; New York City, New York, US; San Francisco, California, US; Seattle, Washington, US",2026-01-31
DeepMind,"Senior Staff Data Scientist, GeminiApp x-ProductNuevo","Mountain View, California, US",2026-01-31
DeepMind,"Senior Staff UX Researcher, Gemini App","Mountain View, California, US; San Francisco, California, US; Seattle, Washington, US",2026-01-31
DeepMind,"Senior Staff UX Writer & Content Designer, Gemini App","Los Angeles, California, US; Mountain View, California, US; New York City, New York, US; San Francisco, California, US",2026-01-31
DeepMind,Senior UX Program Manager,"Mountain View, California, US; San Francisco, California, US; Seattle, Washington, US",2026-01-31
DeepMind,"Software Engineer, AI Studio iOS Mobile - New York or Mountain View","Mountain View, California, US; New York City, New York, US",2026-01-31
DeepMind,"Staff AI Product Designer, GeminiApp Device ExperienceNuevo","Mountain View, California, US",2026-01-31
DeepMind,"Staff AI Product Designer, Gemini Assistant","Mountain View, California, US; New York City, New York, US; Seattle, Washington, US",2026-01-31
DeepMind,"Staff Data Scientist, GeminiApp","Mountain View, California, US; New York City, New York, US",2026-01-31
DeepMind,"Staff Mobile Engineering Manager, GeminiApp","Mountain View, California, US",2026-01-31
DeepMind,"Staff Model UX Content Designer, Gemini App","Mountain View, California, US",2026-01-31
DeepMind,"Staff Software Engineer, GeminiApp Response Quality","Mountain View, California, US",2026-01-31
DeepMind,"Technical Program Manager, GeminiApp","Mountain View, California, US",2026-01-31
DeepMind,Technical Program Manager: GeminiApp Automation,"Mountain View, California, US",2026-01-31
DeepMind,"User Experience Design Lead, Model UX, GeminiApp Automation","Mountain View, California, US",2026-01-31
DeepMind,"Data Scientist/Software Engineer, Counter Abuse Specialist, Model Threat Defense","Mountain View, California, US; New York City, New York, US",2026-01-31
DeepMind,"Director of Product Management, Robotics","Mountain View, California, US",2026-01-31
DeepMind,"Intelligence Lead, Security & Privacy, GenAI (18 months Fixed Term Contract)","Mountain View, California, US; New York City, New York, US",2026-01-31
DeepMind,Low power design engieer/micro-architect L5,"New York City, New York, US",2026-01-31
DeepMind,"Manager, Applied AI Engineering","Mountain View, California, US",2026-01-31
DeepMind,ML HW-SW Co-design Software ManagerNuevo,"Mountain View, California, US",2026-01-31
DeepMind,"Principal Research Engineer, Gemini Evals","Mountain View, California, US",2026-01-31
DeepMind,"Privacy Engineering Lead, Generative AI Privacy & Security","Mountain View, California, US; San Francisco, California, US",2026-01-31
DeepMind,Research Engineer - ACE,"Mountain View, California, US",2026-01-31
DeepMind,"Research Engineer, Frontier Safety Risk Assessment","London, UK; New York City, New York, US; San Francisco, California, US",2026-01-31
DeepMind,"Research Engineer, Gemini Post Training, Model BehaviorNuevo","Mountain View, California, US",2026-01-31
DeepMind,"Research Engineer, Post-Training for Code Security Analysis","Mountain View, California, US",2026-01-31
DeepMind,"Research Scientist/Engineer, Model Threat Defense","Mountain View, California, US",2026-01-31
DeepMind,"Research Scientist, Frontier, Zurich","Zurich, Switzerland",2026-01-31
DeepMind,"Research Scientist, Gemini Information Tasks","New York City, New York, US",2026-01-31
DeepMind,"Research Scientist, Gemini Personal IntelligenceNuevo","Mountain View, California, US",2026-01-31
DeepMind,"Research Scientist, Personalization Nuevo","Mountain View, California, US",2026-01-31
DeepMind,"Research Scientist, Reasoning & AGI, Google DeepMind",Singapore,2026-01-31
DeepMind,"Research Scientist, Recommendation Systems","Mountain View, California, US",2026-01-31
DeepMind,"Research Scientist/Research Engineer, AI for Secure Code","Mountain View, California, US; New York City, New York, US; San Francisco, California, US",2026-01-31
DeepMind,"Research Scientist Tech Lead, Contextual Security","Mountain View, California, US; New York City, New York, US; San Francisco, California, US",2026-01-31
DeepMind,"Security Lead, Agentic Red Team","Mountain View, California, US; New York City, New York, US",2026-01-31
DeepMind,Senior Applied AI Engineer,"Mountain View, California, US",2026-01-31
DeepMind,"Senior Program Manager, GenAI ProductNuevo","Mountain View, California, US",2026-01-31
DeepMind,"Senior Software Engineer, Applied AI",Singapore,2026-01-31
DeepMind,"Senior Technical Program Manager, Gemini Code","Mountain View, California, US",2026-01-31
DeepMind,"Senior Technical Program Manager, Personal Intelligence ModelingNuevo","Mountain View, California, US",2026-01-31
DeepMind,Silicon Microarchitecture Engineer,"Mountain View, California, US",2026-01-31
DeepMind,Silicon Microarchitecture Engineer,"London, UK",2026-01-31
DeepMind,Silicon Technical Lead,"Mountain View, California, US",2026-01-31
DeepMind,"Software Engineer, AI Products","Mountain View, California, US",2026-01-31
DeepMind,"Software Engineering Manager, Applied AI",Singapore,2026-01-31
DeepMind,"Software Engineer, Numerics","Mountain View, California, US",2026-01-31
DeepMind,Staff Hardware Systems Architect,"Mountain View, California, US",2026-01-31
DeepMind,"Staff Research Engineer, AI Products - Mountain ViewNuevo","Mountain View, California, US",2026-01-31
DeepMind,"Staff Software Engineer, Applied AI",Singapore,2026-01-31
DeepMind,"Strategy & Operations Senior Manager, Security & Risk Operations","Mountain View, California, US",2026-01-31
DeepMind,System on Chip Architect,"Mountain View, California, US",2026-01-31
DeepMind,"Team Lead, Research Engineering, AI for Chip Design","London, UK",2026-01-31
DeepMind,"Technical Program Management, Deployment","Mountain View, California, US",2026-01-31
DeepMind,"Technical Program Manager, Agentic Development Platform","Mountain View, California, US",2026-01-31
DeepMind,"Technical Program Manager, Agentic Development Platform (Modeling & Evals)","Mountain View, California, US",2026-01-31
DeepMind,"Technical Program Manager, Post-Training, Core Model","Mountain View, California, US",2026-01-31
DeepMind,"Technical Program Manager, RL Infrastructure & Reliability","Mountain View, California, US",2026-01-31
DeepMind,"UX Visual Designer, Google Antigravity","Mountain View, California, US",2026-01-31
DeepMind,"Product Manager, Technical Intelligence, Google DeepMind","London, UK",2026-01-31
DeepMind,"Tech Strategy Director, Compute, Google DeepMind","Mountain View, California, US",2026-01-31
DeepMind,"Tech Strategy Product Manager, Google DeepMind","Mountain View, California, US",2026-01-31
DeepMind,Director AGI Economics,"London, UK",2026-01-31
DeepMind,"Laboratory Manager, Material DiscoveryNuevo","London, UK",2026-01-31
DeepMind,Machine Learning and Material Science Research ScientistNuevo,"London, UK",2026-01-31
DeepMind,"Research Engineer, Agentic Safety","Mountain View, California, US",2026-01-31
DeepMind,"Research Scientist, Agentic Safety","Mountain View, California, US",2026-01-31
DeepMind,Semiconductor Material Science Research Scientist,"London, UK",2026-01-31
DeepMind,Senior Laboratory Automation EngineerNuevo,"London, UK",2026-01-31
