geo,count,domain
Accra (749),600000.0,Artificial Intelligence
Al-Qahirah (Cairo) (685),12500.0,Artificial Intelligence
Albuquerque (1673),5537000.0,Artificial Intelligence
Amsterdam (1221),60247222.0,Artificial Intelligence
Ankara (1588),70000.0,Artificial Intelligence
Ann Arbor (1675),1750000.0,Artificial Intelligence
Antwerpen (74),15060077.0,Artificial Intelligence
Atlanta (1678),80864110.0,Artificial Intelligence
Auckland (1226),6946523.0,Artificial Intelligence
Austin (1680),122684984.0,Artificial Intelligence
Baltimore (1682),36072562.0,Artificial Intelligence
Bangalore (780),70002391.0,Artificial Intelligence
Bangkok (1562),70000.0,Artificial Intelligence
Barcelona (1514),5146068.0,Artificial Intelligence
Be'er Sheva (1022),3500000.0,Artificial Intelligence
Beijing (204),590711884.0,Artificial Intelligence
Beirut (1117),100000.0,Artificial Intelligence
Belgrade (1488),154688.0,Artificial Intelligence
Berlin (727),23400774.0,Artificial Intelligence
Bogota (622),70000.0,Artificial Intelligence
Bombay (882),7250000.0,Artificial Intelligence
Bonita Springs (1686),1200000.0,Artificial Intelligence
Bordeaux (706),510874.0,Artificial Intelligence
Boston (1687),227346139.0,Artificial Intelligence
Brasilia (96),732038.0,Artificial Intelligence
Bratislava (1491),334154.0,Artificial Intelligence
Bridgeport (1688),4620000.0,Artificial Intelligence
Brisbane (42),201250.0,Artificial Intelligence
Bruxelles (75),32604497.0,Artificial Intelligence
Budapest (761),3116068.0,Artificial Intelligence
Buffalo (1689),8400000.0,Artificial Intelligence
Calgary (161),2970981.0,Artificial Intelligence
Cape Town (1498),509880.0,Artificial Intelligence
Catania (1034),729048.0,Artificial Intelligence
Changsha (218),2808059.0,Artificial Intelligence
Charleston (1691),500000.0,Artificial Intelligence
Charlotte (1692),3075000.0,Artificial Intelligence
Chengdu (227),719633.0,Artificial Intelligence
Chicago (1694),69351610.0,Artificial Intelligence
Chongqing (231),1569058.0,Artificial Intelligence
Cincinnati (1695),4142711.0,Artificial Intelligence
Cleveland (1696),20000.0,Artificial Intelligence
Cologne (741),143270.0,Artificial Intelligence
Colombo (1527),874000.0,Artificial Intelligence
Colorado Springs (1697),1500000.0,Artificial Intelligence
"Columbus, Ohio (1699)",23466530.0,Artificial Intelligence
Concord (1700),51000000.0,Artificial Intelligence
Copenhagen (672),9522691.0,Artificial Intelligence
Coventry (1643),316776.0,Artificial Intelligence
Cracow (1357),1481084.0,Artificial Intelligence
Dalian (236),1617543.0,Artificial Intelligence
Dallas (1703),179999.0,Artificial Intelligence
Dayton (1704),3400000.0,Artificial Intelligence
Delhi (808),50000.0,Artificial Intelligence
Denton (1706),74352000.0,Artificial Intelligence
Denver (1707),938242473.0,Artificial Intelligence
Detroit (1709),5059927.0,Artificial Intelligence
Dublin (1021),10553672.0,Artificial Intelligence
Durham (1710),1861250.0,Artificial Intelligence
Edmonton (162),12945744.0,Artificial Intelligence
Eindhoven (1222),703031.0,Artificial Intelligence
Florence (1036),380714.0,Artificial Intelligence
Fort Collins (1715),21000000.0,Artificial Intelligence
Foshan (264),1571795.0,Artificial Intelligence
Frankfurt am Main (737),4336324.0,Artificial Intelligence
"Fuzhou, Fujian (271)",485298.0,Artificial Intelligence
Gaoxiong (612),1235480.0,Artificial Intelligence
Gda?sk (1356),796357.0,Artificial Intelligence
Gent (77),12567885.0,Artificial Intelligence
Glasgow (1645),925706.0,Artificial Intelligence
Goteborg (1536),35656.0,Artificial Intelligence
Guangzhou (283),6527307.0,Artificial Intelligence
Haifa (1023),24800000.0,Artificial Intelligence
Halifax (163),4928425.0,Artificial Intelligence
Hamburg (738),98398151.0,Artificial Intelligence
Hangzhou (298),25997468.0,Artificial Intelligence
Helsinki (702),25102919.0,Artificial Intelligence
Herat (1),126927374.0,Artificial Intelligence
Hisar (832),3000000.0,Artificial Intelligence
Ho Chi Minh City (1845),1000000.0,Artificial Intelligence
Hong Kong (610),20304250.0,Artificial Intelligence
Houston (1724),7508893.0,Artificial Intelligence
Hyderabad (835),2780000.0,Artificial Intelligence
Indianapolis (1726),800000.0,Artificial Intelligence
Istanbul (1600),350244.0,Artificial Intelligence
Jerusalem (1024),2000000.0,Artificial Intelligence
Johannesburg (1502),750000.0,Artificial Intelligence
Kansas City (1730),9315000.0,Artificial Intelligence
Kitakyushu (1068),830246.0,Artificial Intelligence
Kitchener (165),31007690.0,Artificial Intelligence
Kuala Lumpur (1133),400000.0,Artificial Intelligence
KyotoOsakaKobe (1067),158473.0,Artificial Intelligence
Lagos (1260),10000.0,Artificial Intelligence
Lahore (1295),680000.0,Artificial Intelligence
Lausanne (1542),172591.0,Artificial Intelligence
Liege (78),5314276.0,Artificial Intelligence
Lille (709),3487416.0,Artificial Intelligence
Lima (1320),50000.0,Artificial Intelligence
Lisbon (1364),5571504.0,Artificial Intelligence
Little Rock (1741),6200000.0,Artificial Intelligence
Liuzhou (382),158294.0,Artificial Intelligence
London (1649),301889245.0,Artificial Intelligence
London (166),2000000.0,Artificial Intelligence
Los Angeles (1742),192532630.0,Artificial Intelligence
Madison (1744),2372217.0,Artificial Intelligence
Madras (801),205000.0,Artificial Intelligence
Madrid (1518),5411364.0,Artificial Intelligence
Malmo (1537),3068257.0,Artificial Intelligence
Manchester (1650),1170871.0,Artificial Intelligence
Medellin (630),30000.0,Artificial Intelligence
Melbourne (46),4109796.0,Artificial Intelligence
Mexico City (1147),9032.0,Artificial Intelligence
Miami (1747),36363580.0,Artificial Intelligence
Milan (1040),1707965.0,Artificial Intelligence
Milwaukee (1748),1000000.0,Artificial Intelligence
Minneapolis (1749),2804445.0,Artificial Intelligence
Mission Viejo (1750),135881021.0,Artificial Intelligence
Montevideo (1815),276000.0,Artificial Intelligence
Montreal (167),25029915.0,Artificial Intelligence
Moscow (1427),3493000.0,Artificial Intelligence
Munich (745),12329901.0,Artificial Intelligence
Murcia (1520),309088.0,Artificial Intelligence
Nanchong (404),245884.0,Artificial Intelligence
Nanjing (405),26002505.0,Artificial Intelligence
Nashville (1755),5000000.0,Artificial Intelligence
New York (1758),824911155.0,Artificial Intelligence
Nice-Cannes (714),1134612.0,Artificial Intelligence
Ningbo (412),3141299.0,Artificial Intelligence
Oran (13),1720855.0,Artificial Intelligence
Orlando (1762),3045000.0,Artificial Intelligence
Oslo (1282),490998.0,Artificial Intelligence
Ottawa (169),10000000.0,Artificial Intelligence
Oxnard (1763),25500000.0,Artificial Intelligence
Padova (1044),3248434.0,Artificial Intelligence
Paris (715),41995860.0,Artificial Intelligence
Pensacola (1765),25000.0,Artificial Intelligence
Perth (48),1478491.0,Artificial Intelligence
Philadelphia (1766),25668592.0,Artificial Intelligence
Phoenix (1767),3349735.0,Artificial Intelligence
Pittsburgh (1768),604729.0,Artificial Intelligence
Poona (899),401000.0,Artificial Intelligence
Portland (1770),4500000.0,Artificial Intelligence
Porto (1365),56753.0,Artificial Intelligence
Pozna? (1360),395488.0,Artificial Intelligence
Providence (1772),9775000.0,Artificial Intelligence
Qingdao (428),474287.0,Artificial Intelligence
Quebec (170),36250000.0,Artificial Intelligence
Raleigh (1774),12918726.0,Artificial Intelligence
Reading (1655),4649352.0,Artificial Intelligence
Reno (1775),2500000.0,Artificial Intelligence
Rio de Janeiro (134),60000000.0,Artificial Intelligence
Riverside (1777),225000.0,Artificial Intelligence
Riyadh (1470),500000.0,Artificial Intelligence
Rome (1049),1390715.0,Artificial Intelligence
Rouen (717),957955.0,Artificial Intelligence
Round Lake Beach (1780),1050000.0,Artificial Intelligence
Salerno (1050),277838.0,Artificial Intelligence
Salt Lake City (1782),58205000.0,Artificial Intelligence
San Antonio (1783),120000.0,Artificial Intelligence
San Diego (1784),116491101.0,Artificial Intelligence
San Francisco (1785),1470774373.0,Artificial Intelligence
San Jose (1786),1182983688.0,Artificial Intelligence
Santa Clarita (1787),3927378.0,Artificial Intelligence
Santiago (183),1720880.0,Artificial Intelligence
Sao Paulo (138),672456.0,Artificial Intelligence
Seattle (1792),114013114.0,Artificial Intelligence
Seoul (1390),75626589.0,Artificial Intelligence
Shanghai (449),206101874.0,Artificial Intelligence
Sheffield (1656),2112455.0,Artificial Intelligence
Shenzhen (461),74552057.0,Artificial Intelligence
Singapore (1490),65746509.0,Artificial Intelligence
Sofia (148),443758.0,Artificial Intelligence
South Hampshire (1657),1205996.0,Artificial Intelligence
Southend (1658),1362723.0,Artificial Intelligence
Spokane (1794),2900000.0,Artificial Intelligence
"Springfield, Massachusett, Connecticut (1795)",500000.0,Artificial Intelligence
St. Louis (1797),12275000.0,Artificial Intelligence
Stockholm (1538),10407831.0,Artificial Intelligence
"Suzhou, Jiangsu (479)",2383961.0,Artificial Intelligence
Sydney (50),27241039.0,Artificial Intelligence
Tainan (615),321058.0,Artificial Intelligence
Taipei (614),41699094.0,Artificial Intelligence
Tallinn (696),10612141.0,Artificial Intelligence
Tampa (1800),4100000.0,Artificial Intelligence
Tampere (703),1257853.0,Artificial Intelligence
Tel Aviv-Jaffa (1025),124693193.0,Artificial Intelligence
Temecula (1801),500000.0,Artificial Intelligence
Thuqbah (1483),1866666.0,Artificial Intelligence
Tianjin (489),1604483.0,Artificial Intelligence
Tokyo (1088),70905348.0,Artificial Intelligence
Toronto (173),51796632.0,Artificial Intelligence
Toulouse (721),3285802.0,Artificial Intelligence
Turin (1053),84365.0,Artificial Intelligence
Utrecht (1225),11000000.0,Artificial Intelligence
Valencia (1523),1397755.0,Artificial Intelligence
Vancouver (174),14322675.0,Artificial Intelligence
Vienna (52),2700794.0,Artificial Intelligence
Vigo (1525),9520.0,Artificial Intelligence
Virginia Beach (1808),478000.0,Artificial Intelligence
Warsaw (1362),69959.0,Artificial Intelligence
"Washington, D.C. (1810)",109956358.0,Artificial Intelligence
Wellington (1228),49616.0,Artificial Intelligence
West Yorkshire (1663),60000.0,Artificial Intelligence
Winnipeg (177),1559854.0,Artificial Intelligence
Worcester (1813),12070000.0,Artificial Intelligence
Wuhan (510),10626881.0,Artificial Intelligence
"Wuxi, Jiangsu (514)",161550.0,Artificial Intelligence
Xiamen (516),2089628.0,Artificial Intelligence
Xian (517),472350.0,Artificial Intelligence
"Xiangtan, Hunan (518)",2908549.0,Artificial Intelligence
Zhengzhou (592),5335208.0,Artificial Intelligence
Zurich (1543),4901978.0,Artificial Intelligence
nan (NA) (NA),28902565.0,Artificial Intelligence
